id,recipe_id,recipe_name,source_row_ref,section_name,ingredient_block,instruction_block
195823,293583,Minestrone,1,,"• ½ lb white navy beans

• 1½ Tbsp salt

• 2 quart water","Dissolve 1 1/2 tablespoons salt in 2 quarts cold water in large bowl or container. Add beans and soak at room temperature for at least 8 hours and up to 24 hours. Drain and rinse well.

If you are pressed for time you can “quick-brine” your beans. Combine the salt, water, and beans in a large Dutch oven and bring to a boil over high heat. Remove the pot from the heat, cover, and let stand 1 hour. Drain and rinse the beans and proceed with the recipe."
421404,293583,Minestrone,2,,"•1 tablespoon extra virgin olive oil, plus extra for serving

•3 ounces pancetta or bacon cut into 1/4-inch pieces

•2 medium celery ribs, cut into 1/2-inch pieces (about 3/4 cup)

•1 medium carrot, peeled and cut into 1/2-inch pieces (about 3/4 cup)

•2 small onions, peeled and cut into 1/2-inch pieces (about 1 1/2 cups)

•1 medium zucchini, trimmed and cut into 1/2-inch pieces (about 1 cup)

•2 medium garlic cloves, minced or pressed through garlic press (about 2 teaspoons)

•1/2 small head green cabbage, halved, cored, and cut into 1/2-inch pieces (about 2 cups)

•1/8 – 1/4 teaspoon red pepper flakes","Heat oil and pancetta or bacon in large Dutch oven over medium-high heat. Cook, stirring occasionally, until pancetta is lightly browned and fat has rendered, 3 to 5 minutes. Add celery, carrot, onions, and zucchini; cook, stirring frequently, until vegetables are softened and lightly browned, 5 to 9 minutes. Stir in garlic, cabbage, 1/2 teaspoon salt, and red pepper flakes; continue to cook until cabbage starts to wilt, 1 to 2 minutes longer. Transfer vegetables to rimmed baking sheet and set aside."
433636,293583,Minestrone,3,,"•8 cups water

•2 cups low-sodium chicken broth

•1 piece Parmesan cheese rind, about 5 by 2 inches

•1 bay leaf

•1 1/2 cups V8 juice

Cornmeal or crushed tortilla chips","Add soaked beans, water, broth, Parmesan rind, and bay leaf to now-empty Dutch oven and bring to boil over high heat. Reduce heat and vigorously simmer, stirring occasionally, until beans are fully tender and liquid begins to thicken, 45 to 60 minutes. "
443629,293583,Minestrone,4,,"•1/2 cup chopped fresh basil leaves

•Ground black pepper

•Grated Parmesan cheese, for serving","Add reserved vegetables and V8 juice to pot; cook until vegetables are soft, about 15 minutes. Discard bay leaf and Parmesan rind, stir in chopped basil, and season with salt and pepper. Serve with olive oil and grated Parmesan."
343256,253233,Egg Roll in a Bowl (ERIAB),1,,"1 lb ground beef or pork

1 teaspoon minced garlic

14 ounces shredded cabbage or coleslaw mix

1/4 cup low-sodium soy sauce, or liquid aminos

1 teaspoon ground ginger

2 teaspoons sriracha

1 whole egg

1 tablespoon sesame oil

2 tablespoons sliced green onions","In a large skillet, brown the pork or beef until no longer pink. Add the garlic and sautee for 30 seconds. Add the cabbage/coleslaw, soy sauce, ginger, and sautee until desired tenderness. You can add a little water if you need more liquid to sautee the coleslaw down.

Make a well in the center of the skillet and add the egg. Scramble until done over low heat.

Stir in sriracha. Drizzle with sesame oil and sprinkle with green onions. Add additional soy sauce and sriracha if desired."
137873,270136,Polish Sausage & Cabbage Soup,1,,"2 Tbsp Chicken fat

14 oz. Polish Kielbasa

Half Head green cabbage

Carrots 234g

250g onion

4 cans Chicken broth

3 Tbsp Potato Starch",
152663,400590,Pad Woon Sen,1,Aromatics,"7 oz. chicken leg meat (about 3 drumsticks)

200 grams dried bean thread noodles

3 eggs

1 onion (yellow)

2 cloves garlic (finely chopped, approx. 2 teaspoons)",
275586,400590,Pad Woon Sen,2,Vegetables,"1 cup cabbage (shredded), about 1/4 head

½ cup carrots (shredded), about 1

3 stalks celery (thinly sliced)

1 cup bean sprouts",
311482,400590,Pad Woon Sen,3,Sauce,"3 Tbsp oyster sauce

1 Tbsp fish sauce

1 Tbsp Thai seasoning sauce/maggi sauce (or soy sauce)

1 Tbsp shaoxing wine

2 tsp sugar

3 Tbsp neutral oil (vegetable, canola, avocado)

4 Tbsp water

½ tsp dark soy sauce",
437504,400590,Pad Woon Sen,4,Garnish,"green onions

fried onions

sesame seeds

hot sauce",
236150,392274,"Shred Head, Butter & Bread",1,,"1/2 stick unsalted butter

1/2 cup pulverized, seasoned croutons (if using panko bread crumbs, pulverize in a spice grinder)

2 pinches dry mustard or 1 tsp dijon

Splash malt vinegar

1 teaspoon black pepper","Fill your largest pot 3/4 full with water and bring to a boil on high heat. 

Melt the butter and croutons in a skillet. Add the mustard and caraway seeds and stir over medium heat until the butter browns and smells nutty. Remove the skillet from the heat, but leave dressing in the pan."
146285,392274,"Shred Head, Butter & Bread",2,,"1/2 head cabbage, shredded

1 tablespoon kosher salt

1 tablespoon sugar",Add the salt and sugar to the boiling water and cook until dissolved. Place the cabbage in the boiling water and cook for 2 minutes exactly. Drain the cabbage in the bowl of the salad spinner or colander. Spin the cabbage to remove any excess water. Add the cabbage to the butter-crumb dressing and toss to coat thoroughly.
274032,277456,Caboodles,1,,"1/2 head cabbage

1/2 onion

1/2 recipe Marinara or Meat Sauce

2 oz. grated parmesan cheese",
241802,278419,Loaded Cabbage Soup,1,,"3 slices bacon, finely chopped (about ½ cup)

1 pound gnocchi

1 medium yellow onion, chopped (about 1½ cups)

4 small stalks celery, finely chopped (about ¾ cup)

1/3 head chopped green cabbage

2 cloves garlic

½ teaspoon salt

½ teaspoon ground pepper

4 cups chicken broth

½ cup heavy cream

2 ounces cheddar cheese, shredded (about 1/2 cup) 

4 tablespoons chopped fresh chives",
326932,269782,Broccoli Soup,1,,"2 tablespoons unsalted butter

2 pounds broccoli , florets roughly chopped into 1-inch pieces, stems trimmed, peeled, and cut into 1/4-inch-thick slices

1 medium onion , roughly chopped (about 1 cup)

2 medium garlic cloves , minced or pressed through garlic press (about 2 teaspoons)

1 1/2 teaspoons dry mustard powder

Pinch cayenne pepper

Table salt

3–4 cups water

1/4 teaspoon baking soda

2 cups low-sodium chicken broth

2 ounces baby spinach (2 loosely packed cups)

3 ounces sharp cheddar cheese , shredded (3/4 cup)

1 1/2 ounces Parmesan cheese , grated fine (about 3/4 cup), plus extra for serving

Ground black pepper","Heat butter in large Dutch oven over medium-high heat. When foaming subsides, add broccoli, onion, garlic, dry mustard, cayenne, and 1 teaspoon salt. Cook, stirring frequently, until fragrant, about 6 minutes. Add 1 cup water and baking soda. Bring to simmer, cover, and cook until broccoli is very soft, about 20 minutes, stirring once during cooking.

Add broth and 2 cups water and increase heat to medium-high. When mixture begins to simmer, stir in spinach and cook until wilted, about 1 minute. Transfer half of soup to blender, add cheddar and Parmesan, and process until smooth, about 1 minute. Transfer soup to medium bowl and repeat with remaining soup. Return soup to Dutch oven, place over medium heat and bring to simmer. Adjust consistency of soup with up to 1 cup water. Season to taste with salt and pepper. 

Serve, passing extra Parmesan separately."
124337,446622,Bro'-'Fu,1,,"1 sheet pan Broiled Broccoli

1 pound fried tofu

Half onion, sliced to baton

½ red bell pepper, sliced to baton

2 tsp. garlic, minced or grated

2 tsp. ginger, grated

3 Tbsp. dark soy sauce

3 Tbsp. brown sugar

1 1/2 Tbsp. corn starch

1/2 c water",
277927,448522,Palak / Saag,1,,"350g kale


3T coconut oil

1 yellow onion

3T garlic

1T ginger

4 green cardamom pods

4 cloves

½ t black peppercorns

½ t cumin seeds

1 t ground curry powder

10 cashews

½ can green chilies

50g half & half


4 cherry tomatoes

3T butter

1t sugar

Salt

Msg",
230641,326894,Toscana (Daddy) Soup,1,For the Greens,"2 T oil or rendered fat

16 oz. bulk Italian sausage

10-12 oz. de-stemmed & chopped kale

1 qt. Chicken broth or water + chicken base

1 T Lemon juice or 2 T dry white wine

1 yellow onion, diced fine

4 cloves Garlic, minced or crushed / pasted. But honestly, you measure that shit with your heart

1 T Fennel seed

1 t Xanthan gum (optional)

1 T Chili flakes

1 t Oregano

1 12 oz. can Great Northern or White Navy beans, drained. Or 9 oz. homemade cooked beans

1 oz. minced fresh basil

4-6 oz. half & half or 2-3 oz. cream","Heat 1 T oil / fat in a soup pot to 300F over medium high heat, then add the italian sausage, breaking it into very small pieces with a flat-edged wooden spoon. Cook until some has taken some crisp, brown color and some has released from the pot (about ten minutes). Add the kale and stock / water to deglaze the fond. Add the lemon juice / wine. Cover with a heavy lid and bring to a simmer, then cook for at least 20 minutes but up to 35 depending on your preference."
309702,326894,Toscana (Daddy) Soup,2,For the Aromatics,,"Heat 1 T oil / fat in a skillet over medium heat, then add the onion. Sweat until you see it take a little color. Add the garlic and cook for another couple of minutes. Grind the fennel seeds to a powder. Make some room on the bottom of the skillet and toast the fennel seed powder for about a minute. Stir everything together, then deglaze with some water. Puree everything (plus xanthan gum for extra viscosity to taste) in a blender."
311132,326894,Toscana (Daddy) Soup,3,Finish the soup,,"Combine the blended ingredients with the kale and sausage, add the chili flakes and oregano, and continue to cook until the kale is your desired doneness (Amy likes less, the girls like more). Adding the liquid ingredients will have seriously cooled down the pot, so you can turn the heat up to high to get it back to a simmer, then down to medium / medium low. Season with chicken base / bouillon, or salt + MSG. Add the beans and basil, then turn off the heat. Add the half & half / cream and stir to combine thoroughly. Season to taste with additional lemon juice / white wine (I’m fairly restrained about it for fear of curdling the dairy as well as my personal taste)."
423224,197351,Ratatouille,1,,"1/2 red pepper, seeds and ribs removed

1/2 yellow pepper, seeds and ribs removed

1/2 orange pepper, seeds and ribs removed

2 tablespoons extra virgin olive oil

1 teaspoon minced garlic

1/2 cup finely diced yellow onion

3 tomatoes (about 12 ounces total weight), peeled, seeded, and finely diced, juices reserved

1 sprig thyme

1 sprig flat-leaf parsley

1/2 a bay leaf

Kosher salt","For piperade, heat oven to 450 degrees. Place pepper halves on a foil-lined sheet, cut side down. Roast until skin loosens, about 15 minutes. Remove from heat and let rest until cool enough to handle. Peel and chop finely.

Combine oil, garlic, and onion in medium skillet over low heat until very soft but not browned, about 8 minutes. Add tomatoes, their juices, thyme, parsley, and bay leaf. Simmer over low heat until very soft and very little liquid remains, about 10 minutes, do not brown; add peppers and simmer to soften them. Season to taste with salt, and discard herbs. Reserve tablespoon of mixture and spread remainder in bottom of an 8-inch skillet."
302422,197351,Ratatouille,2,,"1 zucchini (4 to 5 ounces) sliced in 1/16-inch rounds 

1 yellow squash (4 to 5 ounces) sliced into 1/16-inch rounds 

4 Roma tomatoes, sliced into 1/16-inch rounds 

1/2 teaspoon minced garlic 

2 teaspoons olive oil 

1/8teaspoon thyme leaves 

Kosher salt and freshly ground black pepper","For vegetables, heat oven to 275 degrees. Down center of pan, arrange a strip of 8 alternating slices of vegetables over piperade, overlapping so that 1/4 inch of each slice is exposed. Around the center strip, overlap vegetables in a close spiral that lets slices mound slightly toward center. Repeat until pan is filled; all vegetables may not be needed.

Mix garlic, oil, and thyme leaves in bowl and season with salt and pepper to taste. Sprinkle over vegetables. Cover pan with foil and crimp edges to seal well. Bake until vegetables are tender when tested with a paring knife, about 2 hours. Uncover and bake for 30 minutes more. (Lightly cover with foil if it starts to brown.) If there is excess liquid in pan, place over medium heat on stove until reduced. (At this point it may be cooled, covered and refrigerated for up to 2 days. Serve cold or reheat in 350-degree oven until warm.)"
148952,197351,Ratatouille,3,,"1 tablespoon extra virgin olive oi 

1 teaspoon balsamic vinegar 

Assorted fresh herbs (thyme flowers, chervil, thyme) 

Kosher salt and freshly ground black pepper.","For vinaigrette, combine reserved piperade, oil, vinegar, herbs, and salt and pepper to taste in a bowl. 

To serve, heat broiler and place byaldi underneath until lightly browned. Slice in quarters and very carefully lift onto plate with offset spatula. Turn spatula 90 degrees, guiding byaldi into fan shape. Drizzle vinaigrette around plate. Serve hot."
256097,134484,Mapo Tofu,1,,"2 tablespoons Sichuan peppercorns, divided (see notes)

1/4 cup vegetable oil

1 teaspoon cornstarch

2 teaspoons cold water

1 1/2 pounds medium to firm silken tofu, cut into 1/2-inch cubes

1/4 pound ground beef

3 garlic cloves grated on a microplane grater

1 tablespoon fresh ginger grated on a microplane grater

2 tablespoons fermented chili bean paste (see notes)

2 tablespoons Xiaoxing wine

1 tablespoon dark soy sauce

1/4 cup low sodium chicken stock

1/4 cup roasted chili oil (see notes)

1/4 cup finely sliced scallion greens","Heat half of Sichuan peppercorns in a large wok over high heat until lightly smoking. Transfer to a mortar and pestle. Pound until finely ground and set aside.

Add remaining Sichuan peppercorns and vegetable oil to wok. Heat over medium high heat until lightly sizzling, about 1 1/2 minutes. Pick up peppercorns with a wire mesh skimmer and discard, leaving oil in pan.

Combine corn starch and cold water in a small bowl and mix with a fork until homogenous. Bring a medium saucepan of water to a boil over high heat and add tofu. Cook for 1 minute. Drain in a colander, being careful not to break up the tofu.

Heat oil in wok over high heat until smoking. Add beef and cook, stirring constantly for 1 minute. Add garlic and ginger and cook until fragrant, about 15 seconds. Add chili-bean paste, wine, soy sauce, and chicken stock and bring to a boil. Pour in corn starch mixture and cook for 30 seconds until thickened. Add tofu and carefully fold in, being careful not to break it up too much. Stir in chili oil and half of scallions and simmer for 30 seconds longer. Transfer immediately to a serving bowl and sprinkle with remaining scallions and toasted ground Sichuan pepper. Serve immediately with white rice."
343330,244285,Chicken Salad,1,,"½ cup mayonnaise

1–2 tsp. curry powder

½ lime, juiced

pinch of salt, more to taste

2 cups cooked chicken 

½ medium apple with peel, diced

1 celery rib, finely diced

2 Tbsp. red onion, finely diced

¼ cup raisins 

¼ cup dry-roasted cashews, roughly chopped",
253304,366974,Powdered Time,1,,"2 onions

2 heads of garlic","Heat an oven to 375F

Using a mandolin, very thinly slice the onion bottom to top, and garlic across each clove. Spread each onto a different sheet pan with a silicone mat in a single layer. 

bake until very dark brown. Black is okay, I guess"
152747,238502,Memphis Dust,1,,"¾ cup firmly packed dark brown sugar

¾ cup white sugar

½ cup American paprika

¼ cup garlic powder

2 tablespoons ground black pepper

2 tablespoons ground ginger powder

2 tablespoons onion powder

2 teaspoons rosemary powder",
225553,279688,Dorito Dust,1,,"4 t buttermilk powder

10 t orange cheddar powder

4 t sharp white cheddar powder

8 t parmesan powder

1 t tomato powder

1 T garlic powder

4 t onion powder

2 T MSG

8 t salt

½ t sugar

¼ t cayenne

¼ citric acid

¼ distilled white vinegar powder 

1 t green bell pepper powder

1 t red bell pepper powder",
178676,190824,Tomato Supercharger,1,,"1 part Cream of tartar

1 part Sugar

1 part Black pepper

1 part Salt",
278295,228876,Umami Salt,1,,"60g kosher salt

3g MSG

1g inosinate + guanylate (a.k.a. I+G)",
215118,280061,KFC Seasoning,1,,"1 tsp salt

1/2 tsp ground basil

1/2 tsp ground thyme

2 tsp celery salt

1 tsp ground oregano

1 tsp ground black pepper

3 tsp ground white pepper

2 tsp ground paprika

3 tsp garlic salt

1 tsp dried mustard

1 tsp ground ginger",
164486,378131,Pan-Style Pizza Dough,1,,"400g bread flour (14 ounces; about 2 1/2 cups), plus more for dusting

10g kosher salt (0.35 ounces; about 2 teaspoons), plus more for sprinkling

4g instant yeast* (0.15 ounces; about 1 teaspoon), such as SAF Instant Yeast

275g water (9.5 ounces; about 1 cup plus 3 tablespoons)

8g extra-virgin olive oil (0.25 ounces; about 2 teaspoons), plus more to coat pans and for drizzling","Combine flour, salt, yeast, water, and oil in a large bowl. Mix with hands or a wooden spoon until no dry flour remains. (The bowl should be at least 4 to 6 times the volume of the dough to account for rising.)

Cover bowl tightly with plastic wrap, making sure that the edges are well sealed, then let rest at cool room temperature (no warmer than 75°F) for at least 8 hours and up to 24. Dough should rise dramatically and fill bowl. In a hot kitchen, the dough may overproof near the end of that range."
178097,316916,Peel-style Pizza Dough,1,,"22 1/2 ounces bread flour, plus more for dusting (638g; about 4 1/2 cups)

0.5 ounce granulated sugar (15g; about 1 1/2 tablespoons)

0.35 ounce kosher salt (10g; about 1 tablespoon)

0.35 ounce instant yeast (10g; about 2 teaspoons)

15 ounces lukewarm water (415g; about 1 3/4 cups) (see notes)

3 tablespoons (45ml) extra-virgin olive oil","Combine flour, sugar, salt, and yeast in bowl of food processor. Pulse 3 to 4 times to incorporate. Add water and olive oil. Run food processor until mixture forms ball that rides around the bowl above the blade, about 15 seconds. Continue processing 15 seconds longer.

Transfer dough ball to lightly floured surface and knead once or twice by hand until smooth ball is formed. It should pass the windowpane test. Divide dough into three even portions and place each in a covered quart-sized deli container or in a zipper-lock freezer bag. Place in refrigerator and allow to rise at least 1 day, and up to 5 days."
278907,365541,Flaky Biscuits,1,,"2 and 1/2 cups (313g) all-purpose flour (spooned & leveled), plus more as needed for hands and work surface

2 Tablespoons aluminum free baking powder (yes, Tablespoons)

1 teaspoon salt

1/2 cup (1 stick; 113g) unsalted butter, cubed and very cold (see note)

1 cup + 2 Tablespoons (270ml) cold buttermilk, divided

2 teaspoons (14g) honey

optional honey butter topping: 2 Tablespoons melted butter mixed with 1 Tablespoon honey","Preheat oven to 425°F (218°C).

Make the biscuits: Place the flour, baking powder, and salt together in a large bowl or in a large food processor. Whisk or pulse until combined. Add the cubed butter and cut into the dry ingredients with a pastry cutter or by pulsing several times in the processor. Cut/pulse until coarse crumbs form. See photo above for a visual. If you used a food processor, pour the mixture into a large bowl.

Make a well in the center of the mixture. Pour 1 cup (240ml) buttermilk and drizzle honey on top. Fold everything together with a large spoon or spatula until it begins to come together. Do not overwork the dough. The dough will be shaggy and crumbly with some wet spots. See photo above for a visual.

Pour the dough and any dough crumbles onto a floured work surface and gently bring together with generously floured hands. The dough will become sticky as you bring it together. Have extra flour nearby and use it often to flour your hands and work surface in this step. Using floured hands, flatten into a 3/4 inch thick rectangle as best you can. Fold one side into the center, then the other side on top. Turn the dough horizontally. Gently flatten into a 3/4 inch thick rectangle again. Repeat the folding again. Turn the dough horizontally one more time. Gently flatten into a 3/4 inch thick rectangle. Repeat the folding one last time. Flatten into the final 3/4 inch thick rectangle.

Cut into 2.5 or 3-inch circles with a biscuit cutter. (Tip: Do not twist the biscuit cutter when pressing down into the dough because this seals off the edges of the biscuit which prevents them from fully rising.) Re-roll scraps until all the dough is used. You should have about 8-10 biscuits. Arrange in a 10-inch cast iron skillet (see note) or close together on a parchment paper-lined baking sheet. Make sure the biscuits are touching.

Brush the tops with remaining buttermilk. Bake for 18-20 minutes or until tops are golden brown.

Remove from the oven, and then brush warm tops with optional honey butter, and serve warm.

Cover leftovers tightly and store at room temperature or in the refrigerator for up to 5 days."
182636,323694,Challah (egg bread),1,For the bread:,"3 3/4 teaspoons active dry yeast (about 1 1/2 packages, 3/8 ounces or 11 grams)

1 tablespoon (13 grams) granulated sugar

1 3/4 cups lukewarm water

1/2 cup (118 ml) olive or vegetable oil, plus more for greasing the bowl

4 large eggs

1/2 cup (100 grams) granulated sugar

1 tablespoon (14 grams) table salt

8 to 8 1/2 cups (1000 to 1063 grams) all-purpose flour

1/2 cup raisins (about 70 grams) per challah, if using, plumped in hot water and drained","In a large bowl, dissolve yeast and 1 tablespoon (13 grams) sugar in water; set aside for 5 minutes until a bit foamy.

Whisk oil into yeast, then beat in 4 eggs, one at a time, with remaining 1/2 cup (100 grams) sugar and salt. Gradually add flour. When dough holds together, it is ready for kneading. (You can also use a mixer with a dough hook for both mixing and kneading, but be careful if using a standard size KitchenAid–it’s a bit much for it, though it can be done.)

Turn dough onto a floured surface and knead until smooth. Clean out bowl and grease it, then return dough to bowl. Cover with plastic wrap, and let rise in a warm place for 1 hour, until almost doubled in size. Dough may also rise in an oven that has been warmed to 150 degrees then turned off. Punch down dough, cover and let rise again in a warm place for another half-hour.

At this point, you can knead the raisins into the challah, if you’re using them, before forming the loaves. To make a 6-braid challah, either straight or circular*, take half the dough and form it into 6 balls. With your hands, roll each ball into a strand about 12 inches long and 1 1/2 inches wide. Place the 6 in a row, parallel to one another. Pinch the tops of the strands together. Move the outside right strand over 2 strands. Then take the second strand from the left and move it to the far right. Take the outside left strand and move it over 2. Move second strand from the right over to the far left. Start over with the outside right strand. Continue this until all strands are braided. For a straight loaf, tuck ends underneath. For a circular loaf, twist into a circle, pinching ends together. Make a second loaf the same way. Place braided loaves on a greased cookie sheet with at least 2 inches in between.

Beat remaining egg and brush it on loaves. Either freeze breads or let rise another hour.

If baking immediately, preheat oven to 375 degrees and brush loaves again. Sprinkle bread with seeds, if using. If freezing, remove from freezer 5 hours before baking.

Bake in middle of oven for 30 to 40 minutes, or until golden. (If you have an instant read thermometer, you can take it out when it hits an internal temperature of 190 degrees.) Cool loaves on a rack.

Any of the three risings can be done in the fridge for a few hours, for more deeply-developed flavor. When you’re ready to work with it again, bring it back to room temperature before moving onto the next step.

Round or straight braid? Raisins or skip them? Straight loaves of braided challah are eaten throughout the year–typically on the Sabbath–round challahs, often studded with raisins, are served for the New Year and the other High Holidays that follow. I made one of each, so you could see examples."
265103,323694,Challah (egg bread),2,To finish:,"1 large egg

Poppy or sesame seeds (optional)",
389374,265339,Enriched Dough,1,,"4 large egg yolks, room temperature

1 large whole egg, room temperature

2 ounces sugar, approximately 1/4 cup

3 ounces unsalted butter, melted, approximately 6 tablespoons

6 ounces buttermilk, room temperature

20 ounces all-purpose flour, approximately 4 cups, plus additional for dusting

1 package instant dry yeast, approximately 2 1/4 teaspoons

1 1/4 teaspoons kosher salt

Vegetable oil or cooking spray","in the bowl of a stand mixer with the whisk attachment, whisk the egg yolks, whole egg, sugar, butter, and buttermilk. 

Add approximately 2 cups of the flour along with the yeast and salt; whisk until moistened and combined. Remove the whisk attachment and replace with a dough hook. Add all but 3/4 cup of the remaining flour and knead on low speed for 5 minutes. 

Check the consistency of the dough, add more flour if necessary; the dough should feel soft and moist but not sticky. Knead on low speed 5 minutes more or until the dough clears the sides of the bowl. 

Turn the dough out onto a lightly floured work surface; knead by hand about 30 seconds. Lightly oil a large bowl. Transfer the dough to the bowl, lightly oil the top of the dough, cover and let double in volume, 2 to 2 1/2 hours."
145942,257877,Pancakes,1,,"1½ cups all-purpose flour

3 tablespoons granulated sugar

1-¾ teaspoons baking powder

1 teaspoon salt","Sift the dry ingredients (flour, sugar, baking powder, and salt) together in a large bowl."
302254,257877,Pancakes,2,,"1½ cups whole milk

3 tablespoons unsalted butter melted

2 large eggs

½ teaspoon vanilla","In a medium-sized bowl, whisk together your wet ingredients (milk, butter, eggs, and vanilla).

Make a well in your large bowl with the dry ingredients, and then pour in the wet ingredients. Gently whisk everything together.

Heat an oiled griddle over medium-high heat. Scoop ¼ cup of batter onto the griddle.

Cook for two to three minutes, or until bubbles begin to form and the edges are dry. Flip pancakes, and continue cooking until brown on both sides. Repeat with the remaining batter."
432683,150336,Crêpes,1,,"2 large eggs

3/4 cup milk

1/2 cup water

1 cup flour

3 tablespoons melted butter","In a blender, combine all of the ingredients and pulse for 10 seconds. Place the crepe batter in the refrigerator for 1 hour. This allows the bubbles to subside so the crepes will be less likely to tear during cooking. The batter will keep for up to 48 hours."
279659,150336,Crêpes,2,,"Butter, for coating the pan","Heat a small non-stick pan. Add butter to coat. Pour 1 ounce of batter into the center of the pan and swirl to spread evenly. Cook for 30 seconds and flip. Cook for another 10 seconds and remove to the cutting board. Lay them out flat so they can cool. Continue until all batter is gone. After they have cooled you can stack them and store in sealable plastic bags in the refrigerator for several days or in the freezer for up to two months. When using frozen crepes, thaw on a rack before gently peeling apart."
172018,245722,Water-cooked Pan Bacon,1,,"1/2-1 pound bacon, enough spread into a single layer of a frying pan

1-2 Tbsp water","Start the bacon in a cold pan. This allows the fat to render slowly.

Add some water. Cook’s Illustrated editor-in-chief Dan Souza is a fan of a tablespoon or two because it doesn’t add much time to the cooking process.

Cook over medium heat until the bacon is crisp tender, flipping after the first side has crisped. The timing will depend on the thickness of the bacon.

Transfer bacon to a paper towel-lined plate to drain, and serve."
404424,252152,Oven Bacon Method,1,,1 pound bacon,"Heat the oven to 450 degrees. Arrange the bacon in a single layer on 2 aluminum foil-lined rimmed baking sheets, or, for extracrispy bacon, arrange on 2 wire racks set over 2 foil-lined rimmed baking sheets.

Bake until the bacon is browned and starts to ripple, or to desired doneness, 10 to 20 minutes. (Because the cook time depends on the thickness of the bacon and how you like it cooked, start checking doneness at the 10-minute mark.)

Transfer the bacon to a paper towel-lined plate to drain."
284571,251862,Italian [American] Meatballs,1,,"1 large onion, minced

Salt

2 cloves garlic, smashed and chopped

Pinch crushed red pepper

1/2 pound ground beef

1/2 pound ground veal

1/2 pound ground pork

2 large eggs

1 cup grated Parmigiano

1/4 cup finely chopped fresh Italian parsley leaves

1 cup breadcrumbs","In a nonstick pan cook the onions over medium or medium-low heat. Season the onions with salt and sweat for about 5 minutes. The onions should be very soft and aromatic but have no color. Add the garlic and the crushed red pepper and saute for another 1 to 2 minutes. Turn off heat and allow to cool.

In a large bowl combine the meats, eggs, Parmigiano, parsley, cooled aromatics, and bread crumbs. Season generously with salt and mix it together with your hands. 

Preheat the oven to 450 degrees F.

Shape the meat into 1 1/2 Tbsp balls (#40 disher). Coat a large saute pan with oil and bring to a medium-high heat. Brown the meatballs on three sides. Place them on a cookie sheet and bake them in the preheated oven for about 15 minutes or until the meatballs are cooked all the way through. If using right away, add them to your big pot of marinara sauce. If not using right away, they can be frozen for later use."
224472,237648,Sous Vide Chicken Legs,1,,"12-14 Legs (1374g)

1% salt (13g)

0.5% MSG (6g)","Sprinkle legs with salt and MSG. Vacuum Seal

Sous vide 140 8-12 hours

Refrigerate for up to two weeks or freeze for up to six months

These can be finished as drumsticks in an air fryer for 8 minutes, conventional oven at 450 for 12 minutes. OR you can separate the meat as an ingredient and use the bones, skin, and bag jus when making white stock."
203164,184338,Blasted Broccoli,1,,"1 1/2 pound broccoli florets or chunks

pinch salt","Line a sheet pan with a silpat, or just put the broccoli straight on it. The broccoli won't stick, but the silpat makes cleaning easier since you can lift it out and use the pan immediately after. Immediately before cooking, sprinkle with salt--if you do this too early it'll weep and won't crisp properly.

Put your top oven rack in the right position for broiling

Place the sheet pan on the rack, then turn the broiler on high for 12 minutes

Let cool under your exhaust hood to protect the house from smelling like cooked broccoli

Store in a soup container for up to a week"
391219,297719,Hollandaise,1,,"1 egg yolk (about 35g)

1 teaspoon (5ml) water

1 teaspoon (5ml) lemon juice from 1 lemon

Kosher salt

1 stick unsalted butter (8 tablespoons; 113g)

Pinch cayenne pepper or hot sauce (if desired)","Combine egg yolk, water, lemon juice, and a pinch of salt in the bottom of a cup that barely fits the head of an immersion blender. Melt butter in a small saucepan over high heat, swirling constantly, until foaming subsides. Transfer butter to a 1 cup liquid measuring cup.

Place head of immersion blender into the bottom of the cup and turn it on. With the blender constantly running, slowly pour hot butter into cup. It should emulsify with the egg yolk and lemon juice. Continue pouring until all butter is added. Sauce should be thick and creamy, able to coat a spoon but still flow off of it. If it is too thick, whisk in a small amount of warm water, 1 tablespoon (15ml) at a time, to thin it out to the desired consistency. Season to taste with salt and a pinch of cayenne pepper or hot sauce (if desired). Serve immediately, or transfer to a small lidded pot and keep in a warm place for up to 1 hour before serving. Hollandaise cannot be cooled and reheated."
299019,235574,Beurre Blanc,1,,"1 to 2 shallots, chopped fine

8 ounces white wine

2 ounces lemon juice

1 tablespoon heavy cream

12 tablespoons cold unsalted butter, cubed

Salt and white pepper, to taste","Combine the shallots, white wine, and lemon juice in a non-reactive saucepan over high heat and reduce to 2 tablespoons.

Add the cream to the reduction. Once the liquid bubbles, reduce the heat to low. Add the butter, one cube at a time, whisking first on the heat and then off the heat. Continue whisking butter into the reduction until the mixture is fully emulsified and has reached a rich sauce consistency. Season with salt and white pepper. Store beurre blanc in a thermos until ready to serve."
287354,201563,Bearnaise,1,,"1/2 cup dry white wine

1/4 cup white wine vinegar

3 sprigs chervil, leaves finely minced, stems reserved separately (optional; if not using add an extra sprig of tarragon)

3 sprigs tarragon, leaves finely minced, stems reserved separately

1 small shallot, thinly sliced

1/2 teaspoon whole black peppercorns

2 egg yolks

Kosher salt

1 1/2 sticks (12 tablespoons) unsalted butter","Combine wine, vinegar, herb stems, shallots, and black peppercorns in a small saucepan. Bring to a simmer over medium-high heat and lower heat to maintain a gentle simmer. Cook until reduced to about 1 1/2 tablespoons of liquid, about 15 minutes. Carefully strain liquid through a fine-mesh strainer into a small bowl, pressing on the solids with the back of a spoon to extract as much liquid as possible.

Combine wine reduction, egg yolk, and a pinch of salt in the bottom of a cup that barely fits the head of an immersion blender. Melt butter in a small saucepan over high heat, swirling constantly, until foaming subsides. Transfer butter to a 1-cup liquid measuring cup.

Place head of immersion blender into the bottom of the cup with the wine reduction and turn it on. With the blender constantly running, slowly pour hot butter into cup. It should emulsify with the egg yolk and wine reduction. Continue pouring until all butter is added. Sauce should be thick and creamy (see notes). Season to taste with salt. Whisk in chopped tarragon and chervil, if using. Serve immediately, or transfer to a small lidded pot and keep in a warm place for up to 1 hour before serving. Béarnaise cannot be cooled and reheated."
395676,340790,Jus Gras,1,,"1 recipe Bone Broth or Stock

Giblets

onion

herb stalks","Sear giblets

Sear onion

Add 1 quart (880g) broth

Add herb stalks

Boil down to 400g (100%)

Add 2% gelatin "
400266,340790,Jus Gras,2,,Animal fat from Stock recipe,"heat the turkey fat to at least 130 F

add enough Holiday Oil to make 160g (40%)

add 3.2g (0.8% of broth) liquid lecithin 

with a stick blender add the gravy broth

add 1.6% (0.4% of broth) xanthan gum and blend"
346716,375249,Marinara (Year-Round Sauce),1,,"2.5 oz Extra Virgin Olive Oil

2 Tbsp. Basil, minced

4 cloves garlic, minced

2 tsp Fennel Seed, ground","In a large skillet, bring olive oil, garlic, and basil to a sizzle, but don't let them take color. Once everything is lightly sizzling, add the fennel seeds."
247750,375249,Marinara (Year-Round Sauce),2,,"Crushed peeled tomato 28 oz

18g Worchestershire Sauce

11g Balsamic Vinegar

1-3 tsp. Chili flakes

17g Vodka

optional: tomato leaves","Dump in the tomatoes, worchestershire, vinegar, chili flakes, and stir until homogenous. If using, add the tomato leaves. Bring to a light simmer. Remove from heat and add vodka."
169995,303977,New York Style Pizza Sauce,1,,"1 28oz Can of Tomatoes

2g Salt, plus more to taste (volume can vary - check your salt container for conversions)

1 Tbsp Sugar (12g)

2 tsp Dried Oregano (~2g)",Combine all ingredients and blend thoroughly. The sauce can be stored in the refrigerator for up to 3 days before using.
368506,217602,Fresh Tomato Sauce,1,,"10 pounds (4.5kg) ripe plum tomatoes, preferably mixed varieties (such as Romas, Amish Pastes, and San Marzanos), cut into large chunks, 

15 pounds (6.8kg) ripe mixed tomatoes, mostly plums with a small portion of other tomatoes (such as beefsteaks), cut into large chunks

3 tablespoons (45ml) extra-virgin olive oil, plus more for greasing

1 large yellow onion, minced (see note)

3 medium cloves garlic, minced (see note)

2 large sprigs fresh basil

1 small tomato plant cutting with about 5 leaves (optional)

Kosher salt","In a large stockpot, heat the 10 pounds plum tomatoes, covered, over high heat, stirring occasionally, until tomatoes dump their liquid. Bring to a boil in covered pot, stirring occasionally, and cook until tomatoes are softened, about 10 minutes.

Preheat oven to 275°F (135°C) and grease several rimmed baking sheets and/or baking dishes with oil. Using a food mill or a stand mixer's vegetable strainer attachment, pass cooked plum tomatoes and all their liquid into a large heatproof container. Discard skins and seeds.

Pour plum tomato purée into rimmed baking sheets and/or baking dishes, being careful not to overfill them.

Carefully transfer baking sheets and dishes to oven and bake, checking every 15 minutes and stirring once purée begins to thicken, until a thick, spreadable tomato paste forms, at least 2 hours.

Meanwhile, fill the same large stockpot with remaining 15 pounds mixed tomatoes and cook, covered, over high heat, stirring occasionally, until tomatoes dump their liquid. Bring to a boil in covered pot, stirring occasionally, and cook until tomatoes are softened, about 10 minutes. (Work in batches if your pot can't hold all 15 pounds at once.)

Using food mill or stand mixer's vegetable strainer attachment, pass cooked mixed tomatoes and all their liquid into a large heatproof container. Discard skins and seeds. Measure out 1 quart (900ml) mixed-tomato purée and set aside.

Heat 3 tablespoons (45ml) olive oil in a large, wide saucepan over medium heat until shimmering. Add onion and garlic and cook, stirring occasionally, until softened and sweet, about 8 minutes. Add remaining mixed-tomato purée and simmer, stirring occasionally, until reduced to a sauce-like consistency, 35 to 40 minutes.

Remove from heat; stir in basil and tomato-plant cutting, if using; and let steep for 5 minutes. Discard basil and tomato-plant cutting. Stir in oven-dried tomato paste and reserved tomato purée and season with salt. Use as desired or freeze."
422877,210550,Curry Shop Base Gravy,1,,"1/2 cup of oil

1 star anise

1 whole black cardamom

2 whole green cardamom

2-3 whole cloves

1 whole cinnamon bark

1 1/2 t whole tsp black peppercorn

1 1/2 t whole coriander

1 bay leaves

1/2 c tomato puree

1 tsp grated garlic

1 tsp grated ginger","In 4-quart pot over medium, heat the oil no higher than 300F

Bloom the spices for a minute

add the garlic and ginger and fry for another minute"
422259,210550,Curry Shop Base Gravy,2,,"1 tsp curry powder 

1 tsp turmeric

1 tsp coriander

1/4 tsp cumin, 

1/4 tsp garam masala

1/4 chili powder

1/2 cup tomato puree","bloom the spices in the oil

add the tomato puree

cover and boil until the bubbles are regular"
147709,210550,Curry Shop Base Gravy,3,,"1 T salt

3 onions roughly chopped

1 large tomato, roughly chopped

1/2 green bell pepper, roughly chopped

1/2 red bell pepper, roughly chopped

2 carrots, roughly chopped

2 pints water","Add all the ingredients and just enough water to cover the vegetables

Simmer for 60 minutes, stirring occasionally to keep the bottom from burning"
291728,210550,Curry Shop Base Gravy,4,,1/2 c single (18%) cream,"Add the cream, cook another 15 minutes

Remove the star anise, cinnamon, and bay leaves

Blitz until smooth, for about 5 minutes. It should stick to a spoon but not be thick


Use after sauteeing most of a dish and before finishing herbs and acid, then simmer until it simmers continuously with small bubbles"
284760,449316,Tikka Masala (Butter Chicken Sauce),1,,"3 tablespoons oil

1 large onion, finely chopped

2 tablespoons minced ginger

8 cloves garlic, minced

2 teaspoons ground cumin

2 teaspoons ground turmeric

2 teaspoons ground coriander

2 teaspoons paprika

2 teaspoons chili powder

2 teaspoons garam masala

1 tablespoon tomato puree

1 28-oz. can crushed tomatoes

1 cup heavy cream

¼ cup fresh cilantro, for garnish","Toast cumin, turmeric, coriander, paprika, chili powder, and garam masala, then grind them in a spice grinder or mortar & pestle.

Heat the oil in a large pot over medium heat, then sauté the onions, ginger, and garlic until tender but not browned. Add the ground spices. Stir in half of the crushed tomatoes and bring to a boil and cook for about 5 minutes. 

Blend either with a bar blender or an immersion blender to form a very smooth puree.

Add back to the pan, add the cream and remaining tomatoes, then heat over medium low for 5-10 minutes."
130689,283265,Modernist Queso (Cheese Sauce),1,,"12 oz. Lager or low-hop beer. No IPAs.

1 Tbsp plus 1 tsp Sodium Citrate

4 oz. Swiss cheese (shredded)

4 oz. Muenster cheese (shredded)

8 oz. Colby Jack cheese (shredded)","Pour beer and Sodium Citrate into a large soup container (minimum 32 oz.). Microwave for at least three minutes, until beer reaches at least 150F. Watch it doesn't boil over.

Working in handfuls, use an immersion blender to melt the cheese into the beer mixture. You will have to stop every second handful to microwave the mixture for another minute or two until it's hot again. Keep monitoring it to make sure it doesn't boil over."
187540,279397,Parmesan (Parm) Queso,1,,"9 oz parm

7 oz white wine

2 tsp sodium citrate",
266518,417110,Quick Meat Sauce,1,,"1 Tbsp. oil or lard

1 pound ground beef plus or minus an equal mix of Italian Sausage

1 yellow onion, finely diced

1 tsp. black pepper

1 tsp. fennel seeds

8 oz. crimini mushrooms, finely diced

1 28-oz. can crushed tomatoes

beef broth

Fish sauce

Sherry vinegar",
221967,423933,Bolognese,1,,"6 ounces thick sliced bacon, minced

2 large onions, finely chopped

kosher salt

1/2 teaspoon freshly ground black pepper

3 whole cloves

1 whole star anise pod

3 stalks celery, finely chopped

3 cloves garlic, minced

2 Tbsp. (about 17g) minced fresh sage leaves

2 Tbsp. (about 17g) minced fresh parsley leaves","Place an 8-quart Dutch oven over low heat and add the bacon. Cook slowly until the bacon is crispy and has rendered its fat, 25 to 30 minutes. Reserve the bacon. 

Add the onion, a heavy pinch of salt, and pepper and stir to combine. Place the clove and star anise into a small spice bag, add to the Dutch oven and stir to combine. Cook, uncovered, over low heat, stirring occasionally, until the onions caramelize, 45 to 60 minutes. 

Add the celery and the minced garlic to the pan and continue to cook over low heat until the celery is semi-translucent, approximately 25 minutes. Add the herbs and cook another 5 minutes. Remove the spice bag from the pot."
350129,423933,Bolognese,2,,"3 cups beef broth

1 oz. powdered gelatin (4 packets; 30g)

1 Tbsp. oil

8 oz. coarsely ground beef chuck

8 oz. coarsely ground pork butt

8 oz. coarsely ground lamb shoulder

3/4 cups white wine

1-ounce dried porcini mushrooms, finely chopped

Reserved bacon","Heat oven to 300. Dissolve the gelatin in the cold or room temperature beef broth.

Meanwhile, place a wide 4-quart saute pan, over high heat. Add 1 tablespoon of the oil and once it shimmers, add the ground meats and cook, breaking into small pieces and stirring frequently, until the meat is well browned, 4 to 5 minutes. Transfer the meat to a colander to drain, reserving fat. Return the pan to high heat, add 1/2 cup of the wine and deglaze the pan, scraping up any browned bits from the bottom of the pot. Transfer these bits and any remaining wine to the Dutch oven along with the meat.

Add another 1/2 cup of the wine, beef broth, mushrooms, and bacon to the Dutch oven and stir to combine. Bring sauce to a simmer, then transfer to oven, uncovered. Cook, stirring and scraping down sides of pot occasionally, until liquid has almost completely reduced and sauce is rich and thick underneath a heavy layer of fat, 3 to 4 hours. If sauce still looks liquid or fat has not separated and formed a thick layer after 4 hours, transfer to stovetop and finish cooking at a brisk simmer, stirring frequently.

Carefully skim off most of the fat, leaving behind about 1 cup total. (For more precise measurement, skim completely, then add back 1 cup of fat.) Alternatively, let the sauce cool at this point and store in the fridge overnight to let the fat solidify and flavors meld. Then remove the solid fat, reserving a cup to add back in when the sauce is warmed."
434661,423933,Bolognese,3,,"1 Tbsp reserved fat

2 cloves garlic, sliced

2 (28-ounce) cans diced tomatoes

1 tablespoon dried oregano

2 teaspoons dried marjoram

1/4 cup white wine

2 tablespoons tomato paste

1 tablespoon ketchup

1 tablespoon sherry or balsamic vinegar

1/3 cup finely grated Parmesan

3/4 cup evaporated milk

Up to 4 tsp. Fish sauce

4 teaspoons fresh basil

2 Tbsp. (about 17g) minced fresh parsley leaves","When the sauce has been cooking for 2 1/2 hours, place the 4-quart saute pan over medium heat and add 1 tablespoon of the reserved fat. Once it shimmers, add the 2 cloves of sliced garlic and cook for 30 to 45 seconds or until fragrant. Do not allow the garlic to brown. Add the tomatoes, oregano, and marjoram and cook until most of the liquid has evaporated, approximately 30 minutes. Add the remaining 1/4 cup wine, tomato paste, ketchup, and vinegar, and stir to combine. Decrease the heat to low and simmer for 30 minutes. Increase the heat to medium high and cook, stirring constantly, for 2 to 3 minutes.

Stir in evaporated milk and parmesan. Bring to a boil on stovetop, stirring constantly to emulsify. Season to taste with fish sauce. Turn off the heat and add the basil and parsley. Bolognese can be cooled and stored in sealed containers in the refrigerator for up to 1 week, or frozen for later use."
410698,411519,Red Enchilada Sauce,1,,"2 tablespoons oil, butter, or lard

2 tablespoons all-purpose flour

1/4 cup chili powder

1/2 teaspoon garlic powder

1/2 teaspoon ground cumin

1/4 teaspoon dried oregano

2 cups chicken or vegetable stock

Better than Boullion, to taste","Heat oil in a small saucepan over medium-high heat. Add flour and cook for 1 minute, whisking constantly.  Add in the chili powder, garlic powder, cumin and oregano and cook for 1 more minute, whisking constantly.

Gradually pour in the stock, whisking constantly to combine until no lumps remain.  Continue cooking until the sauce reaches a simmer.  Then reduce heat to medium-low to maintain the simmer (the sauce should continue lightly bubbling) for about 10-15 minutes, uncovered, until the sauce has slightly thickened.

Season to taste with Better than Boullion"
344738,346148,Brown Basmati Rice (Stovetop Method),1,,"2 cups water

1 cup rice

pinch salt

1 tsp. butter","Over high heat, bring to a boil, stir, top with lid, drop heat down to low. Simmer for 35 minutes Without removing lid, remove from heat for 10 minutes. Fluff with a fork."
177325,404659,Short grain rice (Sushi Rice),1,,"400 grams (about 2 cups) short-grain white rice or sushi rice 

Water for rinsing

2 cups water

1 tsp salt","Place a fine-mesh sieve in a medium bowl. Place the rice in the sieve, then fill the bowl with cold water. Swirl the rice around in the water using your fingers, then remove the sieve from the bowl to drain the rice. Dump the water and repeat until the water is mostly clear, 3 to 5 times. Drain the rice well and transfer to a medium heavy-bottomed saucepan. 

Add the remaining 2 cups of water and season with 1 teaspoon of the salt (optional, depending on what the rice is for). Place over high heat and bring to a boil. Give the rice a single stir, reduce the heat to the lowest setting, cover, and cook for 15 minutes. Remove from the heat and rest 10 minutes, still covered. Finally, remove the lid and fluff the rice with a fork to release excess steam and to help the outer starch to solidify. 

Transfer to a bowl or, if making ahead, cool completely and transfer to a soup container for refrigeration."
231633,371465,Garbanzo Beans / Chickpeas,1,,"1/2 pound dried chickpeas (1 generous cup; 225g)

2 teaspoons (12g) baking soda, divided

6 cups water (1400g)

16g Kosher salt

8g MSG

1 small onion, split in half

1 small stalk celery

1 small carrot

2 medium cloves garlic

2 bay leaves","Pressure cook the beans. If you have an automatic model (like an Instant Pot) it'll probably have a ""Beans"" button. Here's your chance to use it."
319866,126933,Fresh Pasta,1,,"12 oz all-purpose flour

8 oz eggs

1 ½ tsp kosher salt","Combine flour, salt, and eggs in a food processor. 

Process for 60 seconds until the dough ball forms.

Remove the dough from the processor and form it into a ball. 

Wrap the dough tightly and rest for a minimum of 30 minutes at room temperature or up to overnight in the fridge.

Using a pasta roller, work in batches to roll out the dough. Start on the widest setting and decrease the size by two settings with every roll. Roll until the dough reaches the second thinnest setting (or to your preference). 

Cut the dough using a pasta cutting attachment or using a knife into long strands about ¼ inch wide. 

Dust the pasta in flour and set aside on a large rimmed baking sheet until ready to cook."
235438,231078,Macaroni,1,,"9 oz. (250g) dry elbow Macaroni

1250g water

20g salt","Bring to a boil, turn heat down to low or medium-low a simmer. Cook for 10 minutes."
182301,256683,Pinto Beans,1,,"1 pound (450g) pinto beans

3 pints (1350g) water

4 tsp. (18g) canning & pickling salt

2 tsp. (9g) MSG

1/2 yellow or white onion (optional: cut into two pieces with root attached, seared on flat sides)

2 cloves garlic, peeled and lightly crushed

1/2 tsp. Oregano or Epazote if available","Pressure cook the beans. If you have an automatic model (like an Instant Pot) it'll probably have a ""Beans"" button. Here's your chance to use it."
141904,313718,Quinoa,1,,"1 c quinoa

1.5 c cold water

1 tsp chicken base","rinse the quinoa until the water runs clear, then pour off the water

add 1.5 c cold water and the chicken base. put a lid on the pot and bring to a boil over high heat. drop heat to low and simmer until the water has evaporated (about 9 minutes). without removing the lid, let sit for five minutes. remove the lid and fluff with a fork."
164570,396212,Cottage Cheese Egg Bars,1,,"Eggs 10 whole

Cottage Cheese 4 cup

AP Flour 3/4 cup

Mexican Cheese Blend 1 cup

Mushrooms 1 cup

baking powder

salt

MSG",
237124,299288,Cauliflower & Tofu Curry,1,,"1lb cauliflower

12 oz tofu

120g frozen spinach, not thawed

2/3 can coconut milk

1/4 can crushed tomatoes

3 t garam masala

8 cubes base gravy

savory salt to taste",
250738,178643,Dhal Soup,1,,"1/2 c dhal from Costco

3 cubes of base gravy

2 cups minus 3 cubes water (displace the water with the three cubes. you can use a pint glass for this)

2 tsp vegetable better than bouillon 

1-1/2 cup water","simmer until dhal is cooked

blitz"
208229,131546,Dynamite Stuffing,1,,"1 pint chicken or turkey stock 

12 oz. Italian sausage 

3 cloves garlic

1 c chopped onion 

1 c chopped celery 

1 c chopped green pepper 

1 T, kosher salt and neutral oil as hardware

3 c Challah bread, cut into 1/2-inch cubes (from approximately 8 to 10 slices) 

1 c chopped pecans

2 whole eggs, beaten 

2 t dried rubbed sage or double the amount of fresh

2 t dried parsley or double the amount of fresh 

1 t freshly ground black pepper","Brown the sausage, and at the end of the sauté, add the garlic.  Put this into a metal mixing bowl. Dice the trinity, toss with salt and oil, and roast at 400 degrees, stirring every ten minutes or so for 45 minutes, or until they start to take color, and add to the gigantic bowl, as well as the herbs and pepper.  In the last 10 minutes of roasting, add the bread and pecans and remove when they’ve turned GBD.  Add the stock a half cup every five minutes until the bread no longer feels hard in the middle. Store overnight.

Spread the stuffing out in a heavy roasting pan under the turkey (skin side down) with a drying rack between the stuffing and the bird.  Roast at 400 degrees for 25 minutes, then remove from the oven, scrape all the stuffing out of the roasting pan and put into a pyrex baking dish, and put the bird back in the roasting pan, skin side up, with a foil breastplate.  Continue cooking the bird until it reaches 160 or until the skin takes enough color and turn the oven down to 350.  Stir the stuffing often to keep it from burning, and when it is no longer soggy from the turkey drippings remove and plate it around the carved turkey."
198361,208653,Brussels Sprout Pesto,1,,"2 pounds brussels sprouts, trimmed","
In a food processor with the grating disk attachment, shred the brussels sprouts. "
383884,208653,Brussels Sprout Pesto,2,,"2 Tbsp butter

2 cloves garlic, minced

1 cup half & half

1 Tbsp sherry vinegar

salt

pepper","In a wide saute pan over medium high heat, melt the butter and add the sprouts and a large pinch of kosher salt. Stir regularly until most of the sprouts have taken some browning, about 10 minutes. Add the garlic, cook another 2 minutes.

Deglaze with half & half. Season to taste with salt, black pepper, and sherry vinegar."
412731,145230,Fettuccini Alfredo,1,,"1 Tbsp + ½ tsp kosher salt, divided 

1 ½  Cups heavy cream, divided

2 Tbsp unsalted butter

1 tsp freshly ground black pepper 

9 oz fresh fettuccine pasta

2 oz parmesan cheese, grated

⅛ tsp freshly grated nutmeg","Bring a large pot of water with 1 tablespoon of salt to a boil.

Meanwhile, add 1 cup heavy cream and the butter to a large skillet. Melt over medium-low heat and allow the mixture to reduce by one third, about 5-10 minutes.

Once the sauce is reduced, turn the heat off and add the remaining 1/2 cup of heavy cream to the skillet. Season with the remaining salt and pepper.

 Add the pasta to the boiling water. Cook according to the manufacturer's directions for ‘al dente’ pasta, about 2-3 minutes.

Transfer the cooked pasta directly into the skillet with the heavy cream sauce. Reserve the pasta water.

Turn the heat to low and add the parmesan and nutmeg to the pasta. Cook the pasta and sauce for about 1-2 minutes, stirring with tongs, until the cheese is melted.

Add about 1/4 cup of the reserved pasta water to the sauce. Once again, stir with the tongs until the sauce is glossy and coats the pasta. 

Serve immediately. "
241885,381165,Shrimp Scampi,1,,"3 tablespoons salt

2 tablespoons sugar

1 1/2 pounds shell-on jumbo shrimp (16 to 20 per pound), peeled, deveined, and tails removed, shells reserved","Dissolve salt and sugar in 1quart cold water in a large container. Submerge shrimp in brine, cover, and refrigerate for 15 minutes. Remove shrimp from brine and pat dry with paper towels."
331383,381165,Shrimp Scampi,2,,"2 tablespoons extra-virgin olive oil

1 cup dry white wine

4 sprigs fresh thyme","Heat 1 tablespoon oil in 12-inch skillet over high heat until shimmering. Add shrimp shells and cook, frequently stirring, until they begin to turn spotty brown and skillet starts to brown,2 to 4 minutes. Remove skillet from heat and carefully add wine and thyme sprigs. When bubbling subsides, return skillet to medium heat and simmer gently, occasionally stirring, for 5 minutes—strain mixture through a colander set over a large bowl. Discard shells and reserve liquid (you should have about 2/3 cup)—Wipeout skillet with paper towels."
343840,381165,Shrimp Scampi,3,,"3 tablespoons lemon juice, plus lemon wedges for serving

1 teaspoon cornstarch

8 garlic cloves, sliced thin

1/2 teaspoon red pepper flakes

1/4 teaspoon pepper

4 tablespoons unsalted butter, cut into 1/2-inch pieces

1 tablespoon chopped fresh parsley","Combine lemon juice and cornstarch in a small bowl. Heat remaining 1 tablespoon oil, garlic, pepper flakes, and pepper in now-empty skillet over medium-low heat, occasionally stirring, until garlic is fragrant and just beginning to brown at edges, 3 to 5minutes. Add reserved wine mixture, increase heat to high, and bring to simmer. Reduce heat to medium, add shrimp, cover, and cook, occasionally stirring, until shrimp are just opaque, 5 to 7 minutes. Remove skillet from heat and, using a slotted spoon, transfer shrimp to a bowl.

Return skillet to medium heat, add lemon juice–cornstarch mixture, and cook until slightly thickened, 1 minute. Remove from heat and whisk in butter and parsley until combined. Return shrimp and any accumulated juices to skillet and toss to combine. Serve, passing lemon wedges separately."
441021,161413,Carbonara,1,,1/2 pound (220g) dried spaghetti,"Bring a pot of salted water to a boil. Add pasta and cook until al dente.

When the pasta is cooked, reserve 1/4 cup pasta water"
414140,161413,Carbonara,2,,"1 large strip of bacon, sliced into thin rashers (about 1 1/2 ounces; 45g)

2 tablespoons (30ml) extra-virgin olive oil, divided

1 whole large egg plus 3 yolks

1/4 cup grated Parmigiano-Reggiano (about 1 ounce; 25g), plus more for serving

1/2 tsp freshly ground black pepper (ground medium-coarse), plus more for serving","Combine bacon with 1 tablespoons (15ml) olive oil in a large skillet and cook, stirring frequently, over medium heat, until fat has rendered and guanciale is crisp, about 7 minutes.

In a large, metal heatproof mixing bowl, whisk together whole eggs and yolks, Pecorino Romano, Parmigiano-Reggiano, and black pepper.

Using tongs and/or a strainer, transfer pasta to skillet with crisped guanciale and its fat; be sure not to drain boiling pasta water. Add remaining 1 tablespoon (15ml) olive oil to pasta and stir to combine; let cool slightly. Scrape pasta, pork, and all the fat into the egg mixture. Measure 1/4 cup (60ml) pasta-cooking water and add to pasta and egg mixture. Stir well to combine."
194047,161413,Carbonara,3,,1/4 cup pasta water,"Set mixing bowl over pot of boiling pasta water (make sure bottom of bowl does not touch the water) and cook, stirring quickly with tongs, until sauce thickens to a creamy, silky consistency and leaves trails as you stir. My infrared thermometer read 135F at this point. Remove from heat, season with salt if needed, and divide into bowls. Serve right away, topping with more grated cheese and freshly ground pepper as desired."
414034,148353,Pad Thai,1,,8 ounces flat rice noodles,"Cook noodles according to package instructions, just until tender.  Rinse under cold water."
339346,148353,Pad Thai,2,,"3 Tbsp fish sauce

1 Tbsp low-sodium soy sauce

5 Tbsp light brown (or palm) sugar

2 Tbsp Tamarind paste

1 Tbsp chili flakes or twice as much chopped red thai chilis","
Make sauce by combining sauce ingredients in a bowl. Set aside."
365746,148353,Pad Thai,3,,"3 Tbsp oil

3 cloves garlic , minced

8 oz. uncooked shrimp, chicken, or extra-firm tofu, cut into small pieces

2 eggs

1 c fresh bean sprouts

1 red bell pepper, thinly sliced

3 green onions, chopped

1/2 c dry roasted peanuts

2 limes

1/2 cup cilantro, chopped","Heat 1½ tablespoons of oil in a large carbon steel pan or wok over high heat. Add the shrimp, chicken or tofu, garlic and bell pepper. The shrimp will cook quickly, about 1-2 minutes on each side, or until pink. If using chicken, cook until just cooked through, about 3-4 minutes, flipping only once.

Push everything to the side of the pan. Add a little more oil and add the beaten eggs. Scramble the eggs, breaking them into small pieces with a spatula as they cook.

Add noodles, then sauce, then bean sprouts and peanuts to the pan (reserving some peanuts for topping at the end). Toss everything to combine.

Garnish the top with green onions, extra peanuts, cilantro and lime wedges. Serve immediately"
437249,148353,Pad Thai,4,,"3 tbsp oyster sauce

1-1/2 tbsp light soy sauce

1-1/2 tbsp dark soy sauce

2 tsp sugar

1 tbsp water",Mix sauce in a small bowl
243395,148353,Pad Thai,5,,7 oz / 200g dried rice noodles,"soak noodles at least half an hour,"
231228,148353,Pad Thai,6,,"2 tbsp oil (peanut, vegetable or canola)

3 large cloves garlic, minced

2 birds eye chilli or Thai chillies, deseeded, very finely chopped

1/2 onion , sliced

7oz chicken thighs , cut into bite size pieces

2 tsp fish sauce

2 green onions , cut into 3cm/2"" pieces

1 cup Thai or Thai Holy Basil leaves","Heat oil in wok or large heavy based skillet over high heat.

Add garlic and chilli and cook for 10 seconds. Don't inhale - the chilli will make you cough!

Add onion, cook for 1 minute. 

Add chicken and fish sauce, and fry until cooked, around 2 minutes.

Add green onion, noodles and sauce and cook for 1 minute until the sauce reduces and coats the noodles.

Remove from heat and immediately add basil, toss until just wilted, then serve immediately."
130030,365724,Yakisoba,1,,"3 tsp sugar

2 Tbsp soy sauce

3 Tbsp oyster sauce

3 Tbsp ketchup

4 Tbsp worcester sauce","Mix the sauce, set aside"
222954,365724,Yakisoba,2,,"12 oz spaghetti

2 tsp baking soda

1 qt water

4 tsp salt","bring to a boil all together, cook to doneness, drain"
232536,365724,Yakisoba,3,,"cabbage, red pepper, onion, water chestnut, bamboo","
Make a stir fry, using 2/3 of the the sauce above

toss the noodles with the remaining sauce"
267890,225484,Baked Macaroni & Cheese,1,,1/2 pound elbow macaroni,"In a large pot of boiling, salted water cook the pasta to al dente."
380259,225484,Baked Macaroni & Cheese,2,,"3 tablespoons butter

3 tablespoons flour

1 tablespoon powdered mustard

3 cups milk

1/2 cup yellow onion, finely diced

1 bay leaf

1/2 teaspoon paprika

1 large egg

12 ounces sharp cheddar, shredded, divided

1 teaspoon kosher salt

Fresh black pepper","Preheat oven to 300 degrees F, adjusting the rack so that the top of our 2-quart casserole is in your oven's broiling position.

While the pasta is cooking, in a separate pot, melt the butter. Whisk in the flour and mustard and keep it moving for about five minutes. Make sure it's free of lumps. Stir in the milk, onion, bay leaf, and paprika. Simmer for ten minutes and remove the bay leaf.

Temper in the egg. Stir in 3/4 of the cheese. Season with salt and pepper. Fold the macaroni into the mix and pour into a 2-quart casserole dish. Top with remaining cheese, and cover with foil, and put in the oven to bake."
285099,225484,Baked Macaroni & Cheese,3,,"3 tablespoons butter

1 cup panko bread crumbs","Melt the butter in a saute pan and toss the bread crumbs to coat. 

When the macaroni has reached 165F, remove the foil and top the macaroni with the bread crumbs. 

Broil for 5 minutes, until the top has turned golden. Remove from oven and rest for five minutes before serving."
133585,363204,Italian Stir Fry,1,,"1 large carrot raw weight (160g)

10 spears roasted asparagus 75g

⅔ bell pepper (120g)

½ onion (100g)

Cut frozen green beans (120g)

Broccoli, roasted (100g)

Green peas, frozen (100g)

Cherry tomatoes (120g) seeded down to 90g

3 Italian sausages (275g)

2 cups minus 60g bechamel

Parm 25g

Pesto (60g)

1 19-oz. bag frozen cheese tortellini",
334492,337362,Thai Fried Rice,1,,"3 to 5 garlic cloves

1 to 5 Thai chili to your taste

1 onion

2 Tbsp fish sauce

1 tbsp palm sugar or brown sugar

1/4 tsp white pepper

2 tbsp unsalted butter

ginger?

12 oz 16/20 extra jumbo shrimp, peeled & deveined OR cooked crab

2 eggs + one egg

2 1/2 cups day old cold jasmine rice, separated by hand

handful holy basil, Thai basil or Italian basil","Pound garlic and thai cili together in a mortar and pestle. This way the natural oil form chili and garlic will be release and will make the fried rice more fragrance. You could carefully smash with knife and chop if you don’t have mortar and pestle. Set aside. Slice shallot and set aside along with garlic and chili.

toss the separated, cold rice with a beaten egg

Mix fish sauce, sugar and pepper in a small mixing bowl, set aside.

Heat a large skillet or a wok over high heat until smoking. Add butter, garlic, chili shallot and shrimp. Stir fry everything and cook the shrimp 1 minute each side, then mix everything in the wok and push to a side of the wok.

Crack 2 eggs in the wok. Let the eggs cook a bit then scramble the eggs. When eggs are cooked but still silky, toss everything together.

Add cold rice and pour sauce mixture. Toss everything together until rice is coated evenly with the sauce, about 2 to 3 minutes.

Toss in basil and turn off the heat. Keep tossing until basil is well combined with the fried rice."
195938,333787,Chinese Fried Rice,1,,"2 tablespoons butter, divided

3 eggs, whisked

2 medium carrots, small dice

1 small onion, small dice

3 cloves garlic, minced

1 cup frozen peas, thawed

1 egg

4 cups cooked and chilled rice, separated by hand. Restaurants use Jasmine

3 tablespoons low sodium soy sauce

2 tablespoons oyster sauce

1 teaspoon sesame oil

sliced green onions for garnish, if desired","Toss the separated rice with one beaten egg

Heat 1 tablespoon of butter into a large carbon steel skillet.

Add the eggs and scramble until fully cooked. Remove them from the pan and set aside.

Add the remaining tablespoon of butter into the pan. Add carrots and onion to the pan and cook until tender, 3-4 minutes. Stir in garlic and cook for an additional minute.

Add in the cold rice and peas and sauté for 3-4 minutes. The rice should brown up a bit.

Add the eggs back to the pan and stir in soy sauce, oyster sauce and sesame oil. Cook for 1-2 minutes to heat through.

Serve immediately with green onions for garnish, if desired."
252244,211959,Chicken Bibimbap,1,"
The flavor base","4 scallions, thinly sliced

3 Tbsp (about 10 cloves) garlic, grated 

2 Tbsp grated fresh ginger","In a small bowl, combine the remaining garlic, remaining ginger, and the 2 remaining scallions."
249938,211959,Chicken Bibimbap,2,"
The rice:","400 grams dry (about 2 cups) short-grain white rice or sushi rice, cooked","Transfer to a bowl or, if making ahead, cool completely and transfer to a zip-top bag for refrigeration."
213102,211959,Chicken Bibimbap,3,The marinade:,"1/3 cup soy sauce

2 Tbsp doenjang or brown miso paste 

2 Tbsp of the flavor base

2 Tbsp dark brown sugar ","In a medium bowl, whisk together the soy sauce, doenjang, 2 Tbsp of the flavor base, and the brown sugar. "
361996,211959,Chicken Bibimbap,4,"
Marinate the chicken:","1/2 cup of the marinade

8 oz. chicken leg meat","Transfer 1/2 cup of the marinade to a gallon-size zip-top bag and add the chicken leg meat. Seal, removing as much air as possible, then massage the bag to thoroughly coat the meat. Transfer to the fridge for at least 4 hours, or up to overnight."
453733,211959,Chicken Bibimbap,5,The mushrooms: ,"1/2 c marinade (all that remains, from above)

1/2 c water

1/2 oz. (about 1/2 cup) dried shiitake mushrooms","Place the remaining marinade in a small saucepan along with 1/2 cup of the water and the dried mushrooms. Bring to a simmer over medium heat, then reduce the heat to low and continue to simmer, stirring occasionally, until the mushrooms are tender and hydrated, 20 to 25 minutes. Strain, pressing on the mushrooms to remove their liquid. Reserve both the mushrooms and their cooking liquid. Roughly chop or thinly slice the mushrooms, if desired, and set aside near the stovetop. Rinse out the saucepan."
147858,211959,Chicken Bibimbap,6,The sauce: ,"6 Tbsp gochujang 

2 tsp rice vinegar 

2 Tbsp mushroom cooking liquid (from above)

1 Tbsp granulated sugar ",Combine the gochujang and 2 teaspoons of the rice vinegar with 2 tablespoons of the mushroom cooking liquid in a small bowl. Stir well and season with additional rice vinegar to taste. Set aside for serving.
125471,211959,Chicken Bibimbap,7,The carrots: ,"2 1/8 teaspoons kosher salt, plus more to taste 

2 carrots, peeled and very thinly sliced or shredded",
169577,211959,Chicken Bibimbap,8,The vegetables:,"3 tsp sesame oil

1 cup bean sprouts 

6 ounces spinach, washed ","Place a well-seasoned 12-inch cast-iron skillet over medium heat for 3 minutes. When the skillet just starts to smoke, add 1 teaspoon of the sesame oil, followed by the bean sprouts, 1/2 teaspoon of the flavor base, and 1/8 teaspoon of the salt. Cook, stirring constantly, until the sprouts start to soften, about 1 minute. Transfer to a small bowl and wipe out the skillet.

Add another teaspoon of the sesame oil, followed by the spinach, 1 teaspoon flavor base, and 1/4 teaspoon salt. Cook, stirring frequently, until wilted, 1 to 2 minutes. Transfer to a second small bowl, wipe out the skillet.

Add another teaspoon of the sesame oil, followed by the rehydrated mushrooms. Cook, stirring frequently, until browned, 2 to 3 minutes. Transfer to a third small bowl, then wipe out the skillet yet again."
180092,211959,Chicken Bibimbap,9,Cook the meat: ,"Marinated chicken meat (from above)

1 Tbsp sesame oil","Place the skillet over medium-high heat, and when it just begins to smoke, add 1 tablespoon of the sesame oil. Add the marinated chicken as well as the marinade and cook, stirring often, until the sauce reduces to a sticky glaze, 3 to 5 minutes. Transfer meat to yet another bowl, remove the skillet from the heat, and wipe it out."
272614,211959,Chicken Bibimbap,10,Assemble the bibimbap:,"2 Tbsp sesame oil

The cooked rice from above","Off the heat, coat the skillet (and its sides) with the remaining 2 tablespoons sesame oil. Add the rice and press into an even layer. Position the meat over a quarter of the rice, then mound the vegetables, each in their own separate piles, leaving open space between them for the eggs and the center for sauce. Cover the skillet, place over medium heat, and cook until the bottom of the rice is browned and crisp, 7 to 8 minutes. Remove from the heat."
228737,211959,Chicken Bibimbap,11,The eggs:,"1 teaspoon neutral oil, such as canola 

4-6 eggs","While the rice is crisping, drizzle the neutral oil across a 12-inch nonstick skillet. Evenly space the eggs in the skillet. (I find transferring the eggs in a small bowl helps here.) Leave at room temperature for 10 minutes. Season the egg whites with a few pinches of salt, and place over medium heat. (If you’re using an electric cooktop, begin heating the burner before adding the skillet.) Cook, uncovered, for 4 minutes. If the whites start to balloon up, just poke with a wooden chopstick to deflate. While the eggs cook, lightly lube a platter with oil or nonstick cooking spray. When the 4 minutes are up, slide the eggs onto the platter and rest for 1 minute. Cut into 4 individual egg wedges."
444001,279829,Pot Roast,1,,"2-3lb Chuck roast

1% salt

0.5% MSG + same volume freshly ground pepper

1-½ medium onions, halved

2 carrots, chopped into large chunks

medium soup container of low-sodium stock","Heat the oven to 250F

Salt & MSG outside of the Chuck roast

Heat a large dutch oven over medium-high with beef fat or a neutral oil to 400F 

Starting with the narrowest edges of your roast, sear until all sides have taken color. Once the edges have been seared and you’re searing the largest sides, sear the onions, cut side down. When you’re searing the final side, add the carrots

pour in chicken stock"
336206,279829,Pot Roast,2,,"1 c tomato juice / V8

1 c red wine

leafy heart of celery

large sprig rosemary

2-3 sprigs thyme or 2t dried leaves","Once sputtering has ceased, add the juice, wine, celery heart, and herbs. Make sure one surface of the roast is exposed to air.

cover dutch oven and transfer to the oven

set a timer for 2 hours"
311422,279829,Pot Roast,3,,"1 lb potatoes, sliced into bite-sized chunks

8 oz mushrooms, sliced into bite-sized chunks","Heat a large skillet oven over medium-high with beef fat or a neutral oil to 400F 

Sear the potatoes and mushrooms until they take color

Add the potatoes and mushrooms to the pot roast, making sure they’re submerged

set a timer for 90 minutes"
339331,279829,Pot Roast,4,,"red wine, vinegar, bouillon, MSG, black pepper","Test the roast for doneness. Should be able to pull off a chunk with tongs. Maybe you like it like catfood–if you do, keep cooking another 90 minutes, weirdo. .

Using tongs, remove and discard the onions, celery, and herb sprigs

Put the meat and chunks in a metal bowl

Using a gravy strainer, remove the beef fat. Either reserve for another dish, or optionally, use an emulsifier to add it back after reducing the liquid.

Reduce the liquid until it has thickened and the bubbles decrease in size. Remove the dutch oven from heat

Put the solids back in the dutch oven, stir to coat

Technically, you can eat it now. Otherwise, let cool completely on the counter, then put in the fridge overnight. This will improve the flavor."
417689,279829,Pot Roast,5,,"12 oz brussels sprouts

12 oz broccoli","When ready to eat, start heating the dutch oven over medium-low heat. This will take about half an hour. This is a re-heating, not a cooking, so don’t try to bring to a boil, but it should end up sputtering

Air fry the sprouts and broccoli

Stir into the Pot roast

Serve"
278990,183688,Nacho Dip,1,,"Modernist Queso

Chicken leg meat

onion

poblano

black beans

tomatoes with green chilis

cumin

smoked chili powder",
230410,178374,Green Bean Casserole,1,,"1/2 pound (225 g) white button mushrooms, rinsed and spun dry in a salad spinner

3/4 teaspoon (3 ml) soy sauce

3/4 teaspoon (3 ml) lemon juice 

2/3 cup (160 ml) low-sodium store-bought or homemade chicken stock

1/2 cup (120 ml) heavy cream

1 tablespoon (15 g) butter

1 clove garlic, finely minced or grated on a Microplane grater

2 Tbsp (15 g) flour

Freshly ground black pepper, Thyme, and white pepper to taste","Food processor the mushrooms badly into pieces approximately 1/8 to 1/4 inch in size then use the Mushroom method to cook them up to a week in advance. 

Combine soy sauce, lemon juice, chicken stock, and heavy cream in a 1-quart liquid measuring cup or medium bowl.

Add 1 tablespoon (15ml) reserved shallot oil or holiday oil and butter to a 12-inch nonstick skillet. Heat over high heat until butter is melted and foaming subsides. 

Reduce heat to medium-high. Add garlic and cook, stirring constantly, until fragrant, about 30 seconds. Add flour and cook, stirring constantly, until light golden blond, 1 to 2 minutes. Whisking constantly, add stock & cream mixture and mushrooms.

Bring to a boil, reduce to a simmer, and cook until mixture achieves a texture between pancake batter and heavy cream, about 5 minutes. Season to taste with savory salt and pepper."
247950,178374,Green Bean Casserole,2,,1 lb frozen cut green beans,"Bring 1 gallon (3.8L) water and 1/4 cup (48g) kosher salt to a boil over high heat.

Add green beans to water and boil until tender but still bright green, about 5 minutes. Drain through a colander set over the sink and immediately add to the pyrex dish.

Reheat the mushroom sauce and stir together with the beans, then top with a generous amount of fried onions. Add to the warming (225°F) oven for up to an hour."